https://qwiklabs.com/focuses/4165	1
https://qwiklabs.com/quests/57/enroll	1
https://qwiklabs.com/focuses/4165/reviews	1
https://qwiklabs.com/focuses/4163/reviews	1
https://qwiklabs.com/quests/ https:/google.qwiklabs.com/quests/29	1
https://qwiklabs.com/focuses/4162	1
https://qwiklabs.com/focuses/4163	1
https://qwiklabs.com/focuses/4164	1
https://qwiklabs.com/focuses/4164/reviews	1
https://qwiklabs.com/focuses/4162/reviews	1
https://qwiklabs.com/quests/47/enroll	1
https://qwiklabs.com/focuses/1738/reviews	1
https://qwiklabs.com/focuses/1736/reviews	1
https://qwiklabs.com/focuses/1740/reviews	1
https://qwiklabs.com/focuses/1734/reviews	1
https://qwiklabs.com/focuses/1737	1
https://qwiklabs.com/focuses/1737/reviews	1
https://qwiklabs.com/focuses/1735	1
https://qwiklabs.com/focuses/1740	1
https://qwiklabs.com/focuses/1738	1
https://qwiklabs.com/focuses/1736	1
https://qwiklabs.com/focuses/1735/reviews	1
https://qwiklabs.com/focuses/1734	1
https://qwiklabs.com/focuses/1739	1
https://qwiklabs.com/focuses/1739/reviews	1
https://qwiklabs.com/focuses/2200/reviews	1
https://qwiklabs.com/focuses/1758/reviews	1
https://qwiklabs.com/focuses/3565	1
https://qwiklabs.com/focuses/3688	1
https://qwiklabs.com/focuses/2163/reviews	1
https://qwiklabs.com/focuses/4096	1
https://qwiklabs.com/focuses/680	1
https://qwiklabs.com/focuses/2165/reviews	1
https://qwiklabs.com/focuses/1784	1
https://qwiklabs.com/focuses/2165	1
https://qwiklabs.com/focuses/4049	1
https://qwiklabs.com/focuses/4096/reviews	1
https://qwiklabs.com/focuses/2200	1
https://qwiklabs.com/focuses/4049/reviews	1
https://qwiklabs.com/quests/51/enroll	1
https://qwiklabs.com/focuses/3565/reviews	1
https://qwiklabs.com/focuses/2163	1
https://qwiklabs.com/focuses/1784/reviews	1
https://qwiklabs.com/focuses/680/reviews	1
https://qwiklabs.com/focuses/3688/reviews	1
https://qwiklabs.com/focuses/1758	1
https://qwiklabs.com/focuses/1231/reviews	1
https://qwiklabs.com/focuses/1230/reviews	1
https://qwiklabs.com/focuses/1231	1
https://qwiklabs.com/focuses/1229/reviews	1
https://qwiklabs.com/focuses/1229	1
https://qwiklabs.com/focuses/1230	1
https://qwiklabs.com/focuses/1232	1
https://qwiklabs.com/focuses/1232/reviews	1
https://qwiklabs.com/quests/31/enroll	1
https://qwiklabs.com/focuses/1250/reviews	1
https://qwiklabs.com/focuses/1250	1
https://qwiklabs.com/focuses/624/reviews	1
https://qwiklabs.com/focuses/624	1
https://qwiklabs.com/focuses/4337/reviews	1
https://qwiklabs.com/quests/58/enroll	1
https://qwiklabs.com/focuses/4337	1
https://qwiklabs.com/quests/29/enroll	1
https://qwiklabs.com/focuses/639/reviews	1
https://qwiklabs.com/focuses/1029/reviews	1
https://qwiklabs.com/focuses/1104	1
https://qwiklabs.com/focuses/639	1
https://qwiklabs.com/focuses/1029	1
https://qwiklabs.com/focuses/557	1
https://qwiklabs.com/focuses/1104/reviews	1
https://qwiklabs.com/focuses/557/reviews	1
https://qwiklabs.com/focuses/3634/reviews	1
https://qwiklabs.com/quests/61/enroll	1
https://qwiklabs.com/focuses/4784/reviews	1
https://qwiklabs.com/focuses/2196	1
https://qwiklabs.com/focuses/2196/reviews	1
https://qwiklabs.com/focuses/4784	1
https://qwiklabs.com/focuses/3526/reviews	1
https://qwiklabs.com/focuses/3526	1
https://qwiklabs.com/focuses/4785/reviews	1
https://qwiklabs.com/focuses/5159/reviews	1
https://qwiklabs.com/quests/63/enroll	1
https://qwiklabs.com/focuses/5155/reviews	1
https://qwiklabs.com/focuses/5157/reviews	1
https://qwiklabs.com/focuses/5539/reviews	1
https://qwiklabs.com/focuses/5157	1
https://qwiklabs.com/focuses/5539	1
https://qwiklabs.com/focuses/5159	1
https://qwiklabs.com/focuses/5155	1
https://qwiklabs.com/focuses/582/reviews	1
https://qwiklabs.com/focuses/586/reviews	1
https://qwiklabs.com/focuses/603	1
https://qwiklabs.com/focuses/588/reviews	1
https://qwiklabs.com/quests/34/enroll	1
https://qwiklabs.com/focuses/586	1
https://qwiklabs.com/focuses/585	1
https://qwiklabs.com/focuses/581/reviews	1
https://qwiklabs.com/focuses/1100/reviews	1
https://qwiklabs.com/focuses/584/reviews	1
https://qwiklabs.com/focuses/1100	1
https://qwiklabs.com/focuses/582	1
https://qwiklabs.com/focuses/585/reviews	1
https://qwiklabs.com/focuses/1101/reviews	1
https://qwiklabs.com/focuses/603/reviews	1
https://qwiklabs.com/focuses/1101	1
https://qwiklabs.com/focuses/581	1
https://qwiklabs.com/focuses/588	1
https://qwiklabs.com/focuses/584	1
https://qwiklabs.com/focuses/3563/reviews	1
https://qwiklabs.com/focuses/558/reviews	1
https://qwiklabs.com/focuses/560/reviews	1
https://qwiklabs.com/focuses/2794	1
https://qwiklabs.com/focuses/563	1
https://qwiklabs.com/focuses/560	1
https://qwiklabs.com/focuses/563/reviews	1
https://qwiklabs.com/quests/23/enroll	1
https://qwiklabs.com/focuses/3563	1
https://qwiklabs.com/focuses/2794/reviews	1
https://qwiklabs.com/focuses/558	1
https://qwiklabs.com/focuses/1763	1
https://qwiklabs.com/focuses/569/reviews	1
https://qwiklabs.com/focuses/916/reviews	1
https://qwiklabs.com/focuses/1760/reviews	1
https://qwiklabs.com/focuses/1760	1
https://qwiklabs.com/focuses/925	1
https://qwiklabs.com/focuses/916	1
https://qwiklabs.com/focuses/858/reviews	1
https://qwiklabs.com/quests/33/enroll	1
https://qwiklabs.com/focuses/551/reviews	1
https://qwiklabs.com/focuses/925/reviews	1
https://qwiklabs.com/focuses/569	1
https://qwiklabs.com/focuses/551	1
https://qwiklabs.com/focuses/1763/reviews	1
https://qwiklabs.com/focuses/858	1
https://qwiklabs.com/focuses/3719	1
https://qwiklabs.com/focuses/2775/reviews	1
https://qwiklabs.com/focuses/2775	1
https://qwiklabs.com/focuses/3719/reviews	1
https://qwiklabs.com/quests/64/enroll	1
https://qwiklabs.com/focuses/5540	1
https://qwiklabs.com/focuses/5154/reviews	1
https://qwiklabs.com/focuses/5156	1
https://qwiklabs.com/focuses/5158	1
https://qwiklabs.com/focuses/5158/reviews	1
https://qwiklabs.com/focuses/5156/reviews	1
https://qwiklabs.com/focuses/5541	1
https://qwiklabs.com/focuses/5154	1
https://qwiklabs.com/focuses/5572	1
https://qwiklabs.com/focuses/3614	1
https://qwiklabs.com/focuses/3694	1
https://qwiklabs.com/focuses/3638/reviews	1
https://qwiklabs.com/focuses/1797	1
https://qwiklabs.com/focuses/3696	1
https://qwiklabs.com/focuses/3642/reviews	1
https://qwiklabs.com/focuses/3640/reviews	1
https://qwiklabs.com/focuses/3692	1
https://qwiklabs.com/focuses/3640	1
https://qwiklabs.com/focuses/3690/reviews	1
https://qwiklabs.com/focuses/3690	1
https://qwiklabs.com/focuses/3642	1
https://qwiklabs.com/focuses/3638	1
https://qwiklabs.com/focuses/1797/reviews	1
https://qwiklabs.com/focuses/3618	1
https://qwiklabs.com/focuses/3614/reviews	1
https://qwiklabs.com/focuses/3694/reviews	1
https://qwiklabs.com/focuses/3696/reviews	1
https://qwiklabs.com/focuses/1794/reviews	1
https://qwiklabs.com/focuses/3618/reviews	1
https://qwiklabs.com/focuses/1794	1
https://qwiklabs.com/quests/55/enroll	1
https://qwiklabs.com/focuses/3692/reviews	1
https://qwiklabs.com/focuses/634	2
https://qwiklabs.com/focuses/3483	2
https://qwiklabs.com/focuses/278	2
https://qwiklabs.com/focuses/369	2
https://qwiklabs.com/focuses/3570	2
https://qwiklabs.com/focuses/346	2
https://qwiklabs.com/focuses/767	2
https://qwiklabs.com/focuses/363	2
https://qwiklabs.com/focuses/577/reviews	2
https://qwiklabs.com/focuses/3616	2
https://qwiklabs.com/focuses/3616/reviews	2
https://qwiklabs.com/focuses/577	2
https://qwiklabs.com/focuses/2802/reviews	2
https://qwiklabs.com/focuses/2802	2
https://qwiklabs.com/focuses/878	2
https://qwiklabs.com/focuses/878/reviews	2
https://qwiklabs.com/quests/63	2
https://qwiklabs.com/quests/55	2
https://qwiklabs.com/quests/34	2
https://qwiklabs.com/quests/33	2
https://qwiklabs.com/quests/23	2
https://qwiklabs.com/quests/64	2
https://qwiklabs.com/quests/47	3
https://qwiklabs.com/quests/57	3
https://qwiklabs.com/focuses/4785	3
https://qwiklabs.com/quests/51	3
https://qwiklabs.com/focuses/3634	3
https://qwiklabs.com/focuses/3473	3
https://qwiklabs.com/focuses/3473/reviews	3
https://qwiklabs.com/quests/31	4
https://qwiklabs.com/quests/29	4
https://qwiklabs.com/quests/58	4
https://qwiklabs.com/quests/61	4
https://qwiklabs.com/home	18
https://qwiklabs.com/catalog	18
https://qwiklabs.com/privacy_policy	19
https://qwiklabs.com/terms_of_service	20
https://qwiklabs.com/users/sign_in	22
https://qwiklabs.com/users/password/new	145
https://qwiklabs.com/users/confirmation/new	145
https://qwiklabs.com/users/activate_signup.user	145
https://qwiklabs.com/users/unblock	146
https://qwiklabs.com/users/sign_up	163
https://qwiklabs.com	165